{
  "train": {
    "truthful": {
      "mean": -0.6389249563217163,
      "std": 11.387898445129395,
      "p05": -14.838168334960937,
      "p95": 15.951198196411134
    },
    "sycophantic": {
      "mean": 0.6655470132827759,
      "std": 11.640277862548828,
      "p05": -14.290060901641846,
      "p95": 17.985667324066164
    }
  },
  "val": {
    "truthful": {
      "mean": 1.3893846273422241,
      "std": 11.588557243347168,
      "p05": -13.35669002532959,
      "p95": 15.957170009613037
    },
    "sycophantic": {
      "mean": 1.1078099012374878,
      "std": 12.367941856384277,
      "p05": -14.952269554138184,
      "p95": 17.35244369506836
    }
  }
}